Partner,Degree,Degree_Centrality,Betweenness_Centrality,Closeness_Centrality,Eigenvector_Centrality,Sector,Ownership_Type
Aker,32,0.0975609756097561,0.3378877416067822,0.3261943986820428,0.09593617123979216,Engineering & Technology,Listed
TotalEnergies,30,0.09146341463414634,0.08695123584260613,0.3088923556942278,0.4695331881788699,Oil & Gas,Listed
Air Liquide,27,0.08231707317073171,0.037576366636601716,0.21221864951768488,0.44758719157928056,Chemicals,Listed
Holcim Group,27,0.08231707317073171,0.20331081233329296,0.2877906976744186,0.23744947321460608,Cement,Private
Harbour Energy,26,0.07926829268292683,0.14816874888551587,0.31378763866877973,0.15569385617097767,Oil & Gas,Private
Equinor,25,0.07621951219512195,0.1419576672348683,0.30229007633587784,0.23367541433173258,Oil & Gas,Listed
Heidelberg Materials,22,0.06707317073170732,0.24225454147283004,0.3311036789297659,0.05183967244474431,Cement,Listed
Shell,18,0.054878048780487805,0.08217137321105969,0.2916053019145803,0.21118414410033823,Oil & Gas,Listed
Technip,17,0.05182926829268293,0.12058278865876042,0.2708618331053352,0.04812619702491222,Engineering & Technology,Listed
Fluxys,16,0.04878048780487805,0.09938688601223797,0.29819277108433734,0.18656621111006588,Oil & Gas,State
ArcelorMittal,16,0.04878048780487805,0.07842479593364075,0.2397094430992736,0.08032705910099962,Metals & Mining,Listed
Gasunie,15,0.04573170731707317,0.07497632634319748,0.27348066298342544,0.1098144861023175,Oil & Gas,State
Eni,15,0.04573170731707317,0.07647454364171848,0.2625994694960212,0.09565340518026887,Oil & Gas,Listed
Repsol,14,0.042682926829268296,0.029995385325334564,0.18857142857142858,0.05750329316427652,Oil & Gas,Listed
OMV,12,0.03658536585365854,0.041363414017525385,0.28489208633093527,0.25692273615502625,Oil & Gas,Listed
INEOS,12,0.03658536585365854,0.012239004456830672,0.22024471635150167,0.1387798084570574,Chemicals,Private
IFP Energies Nouvelles,11,0.03353658536585366,0.0,0.1875,0.05728675056561763,Utilities,Private
Schlumberger,11,0.03353658536585366,0.0,0.1875,0.057286750565617627,Oil & Gas,Listed
geostock,11,0.03353658536585366,0.0,0.1875,0.05728675056561763,Other,Private
BGRM,11,0.03353658536585366,0.0,0.1875,0.05728675056561763,Research & Development,State
geopetrol,11,0.03353658536585366,0.0,0.1875,0.057286750565617627,Other,Private
CNAM,11,0.03353658536585366,0.0,0.1875,0.057286750565617627,Research & Development,State
Terega,11,0.03353658536585366,0.0,0.1875,0.05728675056561763,Other,Private
ExxonMobil,11,0.03353658536585366,0.012976563457760331,0.22758620689655173,0.13319583274339875,Oil & Gas,Private
Lhoist,11,0.03353658536585366,0.05261566123198273,0.27848101265822783,0.13542488280661225,Other,Private
Pole Avenia,11,0.03353658536585366,0.0,0.1875,0.057286750565617627,Oil & Gas,State
Université de Pau,11,0.03353658536585366,0.0,0.1875,0.05728675056561763,Other,Private
Agglo Pau,11,0.03353658536585366,0.0,0.1875,0.057286750565617627,Municipal,Municipal
North Sea Port,10,0.03048780487804878,0.014780188107368555,0.22372881355932203,0.02928087890296733,Ports & Logistics,Private
Worley,10,0.03048780487804878,0.03754683703454123,0.2894736842105263,0.03470412888825208,Engineering & Technology,Private
Port of Antwerp,10,0.03048780487804878,0.0069343200169226975,0.23487544483985764,0.13771601372509137,Ports & Logistics,Private
Vattenfall,9,0.027439024390243903,0.021080240496484156,0.26018396846254926,0.002522781995611683,Utilities,State
Mistubishi Heavy Industries,9,0.027439024390243903,0.05286346617504701,0.2595019659239843,0.006306127074290129,Other,Private
BP,9,0.027439024390243903,0.0025420859422986193,0.2522292993630573,0.11859248534184912,Oil & Gas,Listed
Capsol,9,0.027439024390243903,0.057867165735186035,0.24874371859296482,0.011000375527931091,Other,Private
Uniper,8,0.024390243902439025,0.03133040282860043,0.2426470588235294,0.011712429100728033,Utilities,Private
SSE,8,0.024390243902439025,0.050601233372278585,0.2643524699599466,0.039922433278426685,Utilities,Listed
Johnson Matthey,8,0.024390243902439025,0.05543808061780999,0.25384615384615383,0.011008198893618757,Chemicals,Listed
Sunfire,8,0.024390243902439025,0.07795723734810028,0.22654462242562928,0.0010902825504343423,Other,Private
EBN,8,0.024390243902439025,0.00823548513903843,0.23459715639810427,0.10147044053928968,Other,Private
Plagazi,8,0.024390243902439025,0.0038951577657161405,0.26225165562913905,0.003788290615556965,Other,Private
GRT Gaz,8,0.024390243902439025,0.035889921584931726,0.2972972972972973,0.04888862438712958,Other,Private
Vår Energi,8,0.024390243902439025,0.01486320793007975,0.28448275862068967,0.044389183231239096,Utilities,Private
Stockolm Exergi,8,0.024390243902439025,0.010360376604031423,0.2574772431729519,0.00278385432025775,Other,Private
Ports of Stockhom,7,0.021341463414634148,0.0,0.2551546391752577,0.002408411991701601,Ports & Logistics,Private
Nordkalk,7,0.021341463414634148,0.0,0.2551546391752577,0.002408411991701601,Other,Private
BASF,7,0.021341463414634148,0.0,0.21244635193133046,0.14092134290098327,Chemicals,Listed
Petrofac,7,0.021341463414634148,0.0870210330758054,0.2903225806451613,0.040431478926076216,Other,Private
Mälarenergi,7,0.021341463414634148,0.0,0.2551546391752577,0.002408411991701601,Utilities,Private
Preem,7,0.021341463414634148,0.05108262934943447,0.26506024096385544,0.011731853713441358,Other,Private
Gassco,7,0.021341463414634148,0.004762197829069641,0.28407460545193686,0.04433565486497952,Other,Private
Söderenergi,7,0.021341463414634148,0.0,0.2551546391752577,0.0024084119917016002,Utilities,Private
Storegga,7,0.021341463414634148,0.0026831839345043116,0.21734357848518113,0.055197566269466765,Other,Private
Northern Lights,7,0.021341463414634148,0.004762197829069641,0.28407460545193686,0.04433565486497952,Oil & Gas,State
Eqiom,6,0.01829268292682927,0.012393694258022824,0.22098214285714285,0.03928727658340945,Other,Private
Gasunie and Fluxys,6,0.01829268292682927,0.0001249705987438644,0.19919517102615694,0.004510469683209827,Other,Private
Fortum,6,0.01829268292682927,0.04973309119744782,0.261558784676354,0.004718847268757231,Utilities,State
Elengy,6,0.01829268292682927,0.001484579957122643,0.27385892116182575,0.03454642091737575,Other,Private
PZEM,6,0.01829268292682927,0.0001249705987438644,0.19919517102615694,0.004510469683209827,Other,Private
Costain,6,0.01829268292682927,0.02181804794262245,0.27123287671232876,0.036556799610457075,Other,Private
Kent,6,0.01829268292682927,0.027514660716059795,0.2574772431729519,0.011661490625063692,Other,Private
Grand Ouest,6,0.01829268292682927,0.001484579957122643,0.27385892116182575,0.03454642091737575,Other,Private
Smart Delta Resources,6,0.01829268292682927,0.0001249705987438644,0.19919517102615694,0.004510469683209827,Other,Private
Copenhagen Infrastructure Partners,6,0.01829268292682927,0.03999384710044609,0.21545157780195864,0.0017719576034647825,Other,Private
Yara and Zeeland Refinery,6,0.01829268292682927,0.0001249705987438644,0.19919517102615694,0.004510469683209827,Chemicals,Listed
Dow,6,0.01829268292682927,0.0001249705987438644,0.19919517102615694,0.004510469683209827,Chemicals,Private
Gothenburg Port Authority,5,0.01524390243902439,0.0,0.21063829787234042,0.00048276503531333387,Ports & Logistics,Private
Renova,5,0.01524390243902439,0.0,0.21063829787234042,0.00048276503531333387,Waste & Energy,Municipal
Sydkraft AB,5,0.01524390243902439,2.0509665179715945e-05,0.22448979591836735,0.0010449910688699513,Utilities,Private
Climeworks,5,0.01524390243902439,0.04968466389786187,0.13855843247025892,0.00014859423424302466,Other,Private
LanzaTech,5,0.01524390243902439,0.007481599994290349,0.2185430463576159,0.00315065414562957,Other,Private
Esso,5,0.01524390243902439,0.0010261508897465355,0.23157894736842105,0.14675700390503973,Other,Private
Perstorp Oxo AB,5,0.01524390243902439,2.0509665179715945e-05,0.22448979591836735,0.0010449910688699513,Other,Private
Port of Rotterdam,5,0.01524390243902439,0.0031169400881752834,0.23431952662721894,0.024805940093714604,Ports & Logistics,Municipal
KBR,5,0.01524390243902439,0.0399425729374968,0.1570182394924663,2.39345927909421e-05,Engineering & Technology,Private
St1.,5,0.01524390243902439,0.0,0.21063829787234042,0.0004827650353133338,Other,Private
Nordion Energi,5,0.01524390243902439,0.0,0.21063829787234042,0.0004827650353133338,Utilities,Private
Göteborg Energi,5,0.01524390243902439,0.0,0.21063829787234042,0.0004827650353133338,Utilities,Private
Rio Tinto,4,0.012195121951219513,0.0,0.0,0.0,Other,Private
Borg Havn,4,0.012195121951219513,0.0,0.0,0.0,Ports & Logistics,Municipal
Aluminium Dunkerque,4,0.012195121951219513,0.0,0.0,0.0,Metals & Mining,Private
Aquaterra Energy,4,0.012195121951219513,0.0057114891855683395,0.24294478527607363,0.011578350936863054,Oil & Gas,Private
Doosan Babcock; Fugro,4,0.012195121951219513,0.0019097530538078145,0.26506024096385544,0.01353544588690392,Engineering & Technology,Private
Linde,4,0.012195121951219513,0.06855355586320054,0.22297297297297297,0.018336019881056317,Chemicals,Listed
Babcock & Wilcox,4,0.012195121951219513,0.0,0.0,0.0,Engineering & Technology,Listed
Petoro,4,0.012195121951219513,0.0066867233409976575,0.27012278308321963,0.03372864727133269,Other,Private
Welltec,4,0.012195121951219513,0.0,0.19584569732937684,0.021628269216123115,Other,Private
Siemens Energy,4,0.012195121951219513,0.0019097530538078145,0.26506024096385544,0.01353544588690392,Utilities,Private
Port of Dunkerque,4,0.012195121951219513,0.0,0.14887218045112782,0.07101774061063157,Ports & Logistics,Private
Verdalis,4,0.012195121951219513,0.0,0.14887218045112782,0.07101774061063157,Other,Private
Fidelis new energy,4,0.012195121951219513,0.003332820591703828,0.13598901098901098,1.3387711519523802e-06,Utilities,Private
Chaux et Dolomines du boulonnais,4,0.012195121951219513,0.0,0.14887218045112782,0.07101774061063157,Other,Private
Orsted,4,0.012195121951219513,0.020099471876121624,0.19979818365287588,0.00692599430120353,Utilities,State
Yara,4,0.012195121951219513,0.0,0.1689419795221843,0.14001015742050735,Chemicals,Listed
EDF,4,0.012195121951219513,0.0,0.0,0.0,Other,State
Fives,4,0.012195121951219513,0.0,0.0,0.0,Other,Private
RenGas,4,0.012195121951219513,0.0,0.0,0.0,Other,Private
Dunkerque LNG,4,0.012195121951219513,0.002584655023872521,0.22474460839954596,0.02279430812601612,Oil & Gas,Private
Capio Danmark,4,0.012195121951219513,0.003332820591703828,0.13598901098901098,1.3387711519523802e-06,Other,Private
RTE,4,0.012195121951219513,0.002584655023872521,0.22474460839954596,0.02279430812601612,Other,Private
Royal Wagenborg,4,0.012195121951219513,0.0057114891855683395,0.24294478527607363,0.011578350936863054,Other,Private
Trimet,4,0.012195121951219513,0.0,0.0,0.0,Other,Private
Gas Storage Denmark,4,0.012195121951219513,0.003332820591703828,0.13598901098901098,1.3387711519523802e-06,Other,Private
POSCO,3,0.009146341463414635,0.0,0.15903614457831325,0.002186737842116761,Other,Private
Sevan SSP,3,0.009146341463414635,0.0033499119793535957,0.24,0.006121657998422245,Other,Private
Altera,3,0.009146341463414635,0.0,0.1939275220372184,0.011435214641604154,Oil & Gas,Private
Primetals Technologies,3,0.009146341463414635,0.0,0.19681908548707752,0.0030577128114831235,Engineering & Technology,Private
Open Grid Europe,3,0.009146341463414635,0.001789508980710334,0.24968474148802017,0.012228580675827093,Other,Private
Ross Energy,3,0.009146341463414635,0.0,0.10725893824485373,2.838142724876471e-07,Utilities,Private
Verso Energy,3,0.009146341463414635,0.0,0.0,0.0,Utilities,Private
Navigator Holdings,3,0.009146341463414635,0.0,0.0,0.0,Other,Private
CarbFix,3,0.009146341463414635,0.030097933651233144,0.0989010989010989,1.6010800143540198e-05,Other,Private
ANDRITZ,3,0.009146341463414635,0.0,0.0,0.0,Engineering & Technology,Listed
France Industries,3,0.009146341463414635,0.00014336105706664085,0.19279454722492698,0.017833801455252908,Other,Private
CEMEX,3,0.009146341463414635,0.05906783571758191,0.18452935694315004,0.000649571962363794,Cement,Listed
E4tech,3,0.009146341463414635,0.0,0.19681908548707752,0.0030577128114831235,Other,Private
Atkins and Doosan Babcock,3,0.009146341463414635,0.0,0.0,0.0,Engineering & Technology,Private
Topsoe,3,0.009146341463414635,0.0,0.21878453038674034,0.0006581220022462584,Other,Private
Essar Energy Transition,3,0.009146341463414635,0.0,0.21878453038674034,0.0006581220022462584,Utilities,Private
Hanson,3,0.009146341463414635,0.001723344779262598,0.2584856396866841,0.003280809406796527,Other,Private
VDZ,3,0.009146341463414635,0.00014336105706664085,0.19279454722492698,0.017833801455252908,Other,Private
Sizewell C,3,0.009146341463414635,0.0,0.0,0.0,Other,Private
British Airways,3,0.009146341463414635,0.0,0.21382289416846653,0.0018297945923857802,Aviation,Listed
NHN,3,0.009146341463414635,0.0,0.21545157780195864,0.004175276342950311,Other,Private
Nottingham University,3,0.009146341463414635,0.0,0.0,0.0,Research & Development,Private
Peel NRE,3,0.009146341463414635,0.020099471876121624,0.20732984293193718,0.0002321459767894384,Other,Private
Prenco UK,3,0.009146341463414635,0.005024867969030406,0.1630971993410214,0.02029145742433713,Other,Private
Carbon Catalyst Ltd,3,0.009146341463414635,0.005024867969030406,0.1630971993410214,0.02029145742433713,Other,Private
Oilex,3,0.009146341463414635,0.0,0.2522292993630573,0.005276758216767969,Oil & Gas,Private
Velocys,3,0.009146341463414635,0.0,0.21382289416846653,0.0018297945923857802,Other,Private
ADNOC,3,0.009146341463414635,0.0,0.22863741339491916,0.011372927484573272,Oil & Gas,State
Clariant Catalysts,3,0.009146341463414635,0.0,0.21382289416846653,0.0018297945923857802,Other,Private
North Sea Midstream partners,3,0.009146341463414635,0.0,0.1695205479452055,0.04474104599690043,Other,Private
Gasterra,3,0.009146341463414635,0.0,0.21545157780195864,0.004175276342950311,Other,Private
Hoegh LNG,3,0.009146341463414635,0.0033499119793535957,0.24,0.006121657998422245,Other,Private
Ervia Cork,3,0.009146341463414635,0.0,0.0,0.0,Other,Private
Valinor,3,0.009146341463414635,0.0,0.1371191135734072,0.00014689204713997349,Other,Private
Synergia Energy,3,0.009146341463414635,0.0,0.2522292993630573,0.005276758216767969,Utilities,Private
Port den Helder,3,0.009146341463414635,0.0,0.21545157780195864,0.004175276342950311,Ports & Logistics,Private
Paul Wurth SA,3,0.009146341463414635,0.0,0.1371191135734072,0.00014689204713997349,Other,Private
Engie,3,0.009146341463414635,0.017250954875030807,0.24116930572472595,0.011209370754432525,Utilities,State
Strata Technology,3,0.009146341463414635,0.0,0.0,0.0,Engineering & Technology,Private
Sval,3,0.009146341463414635,0.0,0.21019108280254778,0.005525445814206588,Other,Private
INPEX,3,0.009146341463414635,0.0,0.21019108280254778,0.005525445814206588,Other,Private
Carbonvert,3,0.009146341463414635,0.0,0.15903614457831325,0.002186737842116761,Other,Private
MEPUSA,3,0.009146341463414635,0.0,0.15903614457831325,0.002186737842116761,Other,Private
Tenaz Energy,3,0.009146341463414635,0.0004590258397364997,0.21926910299003322,0.011671663814838761,Utilities,Private
Westenergy Ltd,2,0.006097560975609756,0.0,0.0,0.0,Utilities,Private
FREVAR,2,0.006097560975609756,0.0,0.0,0.0,Other,Private
CPC Finland Oy and funds managed by Prime Capital AG,2,0.006097560975609756,0.0,0.0,0.0,Waste & Energy,Private
Chrysaor,2,0.006097560975609756,0.003655218010475577,0.23294117647058823,0.009412376589620249,Other,Private
Verbund,2,0.006097560975609756,0.0,0.2441430332922318,0.01746881634902656,Other,Private
Vestforbrænding,2,0.006097560975609756,0.0,0.21451787648970747,0.0017630977058165135,Other,Private
Kellas Midstream,2,0.006097560975609756,0.0,0.22474460839954596,0.004047485215929076,Other,Private
VBSA,2,0.006097560975609756,0.0,0.19959677419354838,0.00040294775645664414,Other,Private
Bechtel,2,0.006097560975609756,0.0,0.0,0.0,Engineering & Technology,Private
KK Invest,2,0.006097560975609756,0.0,0.17757847533632287,6.490297321094357e-05,Other,Private
Summit Energy Evolution Limited,2,0.006097560975609756,5.1274162949289855e-05,0.12344139650872818,0.002867900050894815,Utilities,Private
Veolia,2,0.006097560975609756,0.0,0.0,0.0,Utilities,Listed
Liquid Wind,2,0.006097560975609756,0.0,0.0,0.0,Energy,Private
LIPOR,2,0.006097560975609756,0.0,0.0,0.0,Other,Private
NCC,2,0.006097560975609756,0.014997692662667282,0.24812030075187969,0.0036345447164905604,Other,Private
ORLEN,2,0.006097560975609756,0.0,0.15865384615384615,0.07261792490202279,Oil & Gas,State
Drax,2,0.006097560975609756,0.0,0.18626528692380057,0.002898133382637038,Utilities,Listed
Transgaz,2,0.006097560975609756,0.0,0.0,0.0,Other,Private
Aalborg Forsyning,2,0.006097560975609756,0.0,0.17757847533632287,6.490297321094357e-05,Utilities,Municipal
ThyssenKrupp Group,2,0.006097560975609756,0.0,0.0,0.0,Metals & Mining,Listed
Nasice cement,2,0.006097560975609756,0.0,0.0,0.0,Cement,Private
Infinium,2,0.006097560975609756,0.0,0.2064650677789364,0.0032344161562760307,Other,Private
Bioenergy Infrastructure Group,2,0.006097560975609756,0.0,0.20689655172413793,0.0002310248179416118,Waste & Energy,Private
SubC Partner,2,0.006097560975609756,0.0,0.0,0.0,Other,Private
A2X,2,0.006097560975609756,0.0,0.0,0.0,Energy,Listed
Alstom  Oltenia,2,0.006097560975609756,0.0,0.0,0.0,Engineering & Technology,Listed
KVA Linth,2,0.006097560975609756,0.0,0.19959677419354838,0.00040294775645664414,Other,Private
TU Denmark,2,0.006097560975609756,0.0,0.16680707666385847,0.00025368623143509774,Other,Private
Progressive Energy,2,0.006097560975609756,0.010101010101010102,0.14721189591078068,1.642581809418261e-05,Engineering & Technology,Private
ClonBio Group,2,0.006097560975609756,0.0,0.0,0.0,Waste & Energy,Private
Cory,2,0.006097560975609756,0.0,0.2323943661971831,0.009162514818962842,Other,Private
Statkraft,2,0.006097560975609756,0.010101010101010102,0.24688279301745636,0.003394059551118025,Utilities,Private
SAS,2,0.006097560975609756,0.0,0.20996818663838812,0.00020046955126403057,Other,Private
Lyse,2,0.006097560975609756,0.0,0.2465753424657534,0.0035139850222645212,Other,Private
OneDyas,2,0.006097560975609756,0.0,0.17886178861788618,0.01393049440861518,Other,Private
unknown company,2,0.006097560975609756,0.0,0.171875,0.014336706711570358,Other,Private
Kvitebjørn Bio-El,2,0.006097560975609756,0.0,0.0,0.0,Waste & Energy,Private
Duisport,2,0.006097560975609756,0.0,0.15505090054815976,0.06180198805372329,Ports & Logistics,Private
Protech,2,0.006097560975609756,0.007295139545381589,0.23185011709601874,0.024205974967340928,Other,Private
Snam,2,0.006097560975609756,0.0,0.161106590724166,0.04177044876742846,Other,Private
Danish Bio Commodities,2,0.006097560975609756,0.0,0.17757847533632287,6.490297321094357e-05,Waste & Energy,Private
Forus Energi,2,0.006097560975609756,0.0,0.2465753424657534,0.0035139850222645212,Utilities,Private
Energie Beheer Nederland,2,0.006097560975609756,0.0,0.1774193548387097,0.00951343428949077,Utilities,Private
Danish Underground Consortium,2,0.006097560975609756,0.0,0.16680707666385847,0.00025368623143509774,Other,Private
emov,2,0.006097560975609756,0.0,0.0,0.0,Other,Private
RWE,2,0.006097560975609756,0.010101010101010102,0.21382289416846653,0.001702613606983814,Utilities,Listed
Nuon,2,0.006097560975609756,0.0,0.23941958887545345,0.012136959145833955,Utilities,Listed
Danubeenergy ventures,2,0.006097560975609756,0.0,0.0,0.0,Utilities,Private
Enfinium,2,0.006097560975609756,0.0,0.0,0.0,Other,Private
Horisont Energi,2,0.006097560975609756,0.0,0.0,0.0,Utilities,Private
Elyse Energy,2,0.006097560975609756,0.007295139545381589,0.23185011709601874,0.024205974967340928,Utilities,Private
Copenhagen Port,2,0.006097560975609756,0.0,0.0,0.0,Ports & Logistics,Private
TES,2,0.006097560975609756,0.0012865764019432692,0.2535211267605634,0.0038219092410193773,Other,Private
ISPE,2,0.006097560975609756,0.0,0.0,0.0,Other,Private
Nexe Group,2,0.006097560975609756,0.0,0.0,0.0,Other,Private
Removr,2,0.006097560975609756,0.010101010101010102,0.08277591973244147,1.1328179661224686e-06,Other,Private
CIPNordværk,2,0.006097560975609756,0.0,0.17757847533632287,6.490297321094357e-05,Other,Private
carbon clean,2,0.006097560975609756,0.0,0.1565217391304348,2.37975284272117e-05,Other,Private
P2X Europe,2,0.006097560975609756,0.0,0.0,0.0,Other,Private
ARC,2,0.006097560975609756,0.0,0.0,0.0,Engineering & Technology,Private
RepAir,2,0.006097560975609756,0.0,0.0,0.0,Other,Private
Juel+Krøyer and HYTOR Group,2,0.006097560975609756,0.0,0.0,0.0,Other,Private
Borregaard,1,0.003048780487804878,0.0,0.0,0.0,Chemicals,Listed
BIR,1,0.003048780487804878,0.0,0.2462686567164179,0.003389822144510333,Waste & Energy,Municipal
MOL Group,1,0.003048780487804878,0.0,0.0,0.0,Other,Private
Tampereen Energia,1,0.003048780487804878,0.0,0.0,0.0,Utilities,Private
EEPUKL,1,0.003048780487804878,0.0,0.2082018927444795,0.0033798594554463766,Other,Private
VNG,1,0.003048780487804878,0.0,0.2323943661971831,0.008256742148391593,Other,Private
PGNiG Upstream Norway,1,0.003048780487804878,0.0,0.0,0.0,Other,Private
Centrica,1,0.003048780487804878,0.0,0.2323943661971831,0.008256742148391593,Utilities,Listed
Petroineos,1,0.003048780487804878,0.0,0.18065693430656934,0.004903718264514938,Oil & Gas,Private
Öresundskraft,1,0.003048780487804878,0.0,0.19939577039274925,0.00038870906676451215,Utilities,Private
Malarenergi,1,0.003048780487804878,0.0,0.0,0.0,Utilities,Private
Rohm,1,0.003048780487804878,0.0,0.2462686567164179,0.003389822144510333,Other,Private
RYAM,1,0.003048780487804878,0.0,0.0,0.0,Other,Private
Sylvamo,1,0.003048780487804878,0.0,0.0,0.0,Other,Private
Suez,1,0.003048780487804878,0.0,0.0,0.0,Other,Private
Aalborg Portland,1,0.003048780487804878,0.0,0.1752212389380531,0.015815435200544667,Cement,State
EON,1,0.003048780487804878,0.0,0.0,0.0,Other,Private
Vopak,1,0.003048780487804878,0.0,0.1771019677996422,0.007760433994884721,Oil & Gas,Listed
Irving Oil,1,0.003048780487804878,0.0,0.0,0.0,Oil & Gas,Private
Biomasse Energy d'Alizay,1,0.003048780487804878,0.0,0.0,0.0,Waste & Energy,Private
Calix,1,0.003048780487804878,0.0,0.2490566037735849,0.0018317427154780075,Other,Private
OMV  AS  and Lime Petroleum AS .,1,0.003048780487804878,0.0,0.22172452407614782,0.0015684547051257067,Oil & Gas,Private
Sundsvall Energi,1,0.003048780487804878,0.0,0.0,0.0,Utilities,Private
C-Questra,1,0.003048780487804878,0.0,0.0,0.0,Engineering & Technology,Private
Carbon Recycling International,1,0.003048780487804878,0.0,0.1981981981981982,0.00011992547114649599,Other,Private
Pori Energia,1,0.003048780487804878,0.0,0.0,0.0,Utilities,Private
INA,1,0.003048780487804878,0.0,0.0,0.0,Other,Private
Halliburton,1,0.003048780487804878,0.0,0.17247386759581881,0.006759718910892753,Other,Private
HY2GEN,1,0.003048780487804878,0.0,0.0,0.0,Other,Private
SigmaRoc,1,0.003048780487804878,0.0,0.0,0.0,Other,Private
Origin,1,0.003048780487804878,0.0,0.0,0.0,Other,Private
Breedon group,1,0.003048780487804878,0.0,0.12840466926070038,5.803866673338943e-07,Cement,Listed
Phillips 66,1,0.003048780487804878,0.0,0.0,0.0,Other,Private
Metsa Group,1,0.003048780487804878,0.0,0.0,0.0,Other,Private
COWI,1,0.003048780487804878,0.0,0.07647740440324449,4.002456607417171e-08,Engineering & Technology,Private
Singleton Birch,1,0.003048780487804878,0.0,0.0,0.0,Other,Private
Umea Energi,1,0.003048780487804878,0.0,0.0,0.0,Utilities,Private
Lahti Energia,1,0.003048780487804878,0.0,0.0,0.0,Utilities,Private
Aghata,1,0.003048780487804878,0.0,0.0,0.0,Other,Private
Hyscale100 consortium,1,0.003048780487804878,0.0,0.22372881355932203,0.008390539766796259,Other,Private
Fluor,1,0.003048780487804878,0.0,0.0,0.0,Engineering & Technology,Private
Air Products,1,0.003048780487804878,0.0,0.18556701030927836,0.004706416610531171,Chemicals,Listed
EnEarth,1,0.003048780487804878,0.0,0.0,0.0,Other,Private
Dragon,1,0.003048780487804878,0.0,0.176313446126447,6.01595875196351e-05,Other,Private
Tarmac,1,0.003048780487804878,0.0,0.0,0.0,Cement,Private
Gazel Energie,1,0.003048780487804878,0.0,0.0,0.0,Utilities,Private
Kotkan Energia,1,0.003048780487804878,0.0,0.0,0.0,Utilities,Private
Cool Planet Technologies,1,0.003048780487804878,0.0,0.18299445471349354,0.016781079533592518,Other,Private
Ocean-Power AS,1,0.003048780487804878,0.0,0.0,0.0,Utilities,Private
Enova,1,0.003048780487804878,0.0,0.12177121771217712,5.250288428635157e-06,Finance,State
Nordbex AB,1,0.003048780487804878,0.0,0.2462686567164179,0.003389822144510333,Other,Private
Schwenk's Building Material Group,1,0.003048780487804878,0.0,0.19939577039274925,0.00038870906676451215,Other,Private
Whitegate,1,0.003048780487804878,0.0,0.0,0.0,Other,Private
Twence,1,0.003048780487804878,0.0,0.2462686567164179,0.003389822144510333,Other,Private
Petroceltic,1,0.003048780487804878,0.0,0.2490566037735849,0.0018317427154780075,Other,Private
Amplus Energy Services Limited,1,0.003048780487804878,0.0,0.0,0.0,Energy,Private
Cementa,1,0.003048780487804878,0.0,0.2490566037735849,0.0018317427154780075,Cement,Private
Hafslund Oslo Celsio,1,0.003048780487804878,0.0,0.1978021978021978,0.006779644289020666,Other,Private
Dan-unity CO2,1,0.003048780487804878,0.0,0.07635942923254917,1.6971057859113009e-06,Other,Private
Norske Skog Saugbrugs,1,0.003048780487804878,0.0,0.0,0.0,Other,Private
Acorn,1,0.003048780487804878,0.0,0.19545903257650543,0.0004138457541955178,Oil & Gas,Private
EET Hydrogen,1,0.003048780487804878,0.0,0.0,0.0,Other,Private
ENKA,1,0.003048780487804878,0.0,0.0,0.0,Other,Private
Teniska Verken,1,0.003048780487804878,0.0,0.19939577039274925,0.00038870906676451215,Oil & Gas,State
Bumi Armada Berhad,1,0.003048780487804878,0.0,0.0,0.0,Oil & Gas,Listed
Kalundborg,1,0.003048780487804878,0.0,0.2462686567164179,0.003389822144510333,Other,Private
CarbonCuts,1,0.003048780487804878,0.0,0.0,0.0,Other,Private
Limeco,1,0.003048780487804878,0.0,0.2462686567164179,0.003389822144510333,Other,Private
Soderenergi,1,0.003048780487804878,0.0,0.2462686567164179,0.003389822144510333,Utilities,Private
Bluenord,1,0.003048780487804878,0.0,0.0,0.0,Oil & Gas,Private
Onyx Power,0,0.0,0.0,0.0,0.0,Utilities,Private
"ECOPLANTA MOLECULAR RECYCLING
SOLUTIONS S.L",0,0.0,0.0,0.0,0.0,Other,Private
Fjernvarme Fyn A/S,0,0.0,0.0,0.0,0.0,Other,Private
Summit Power,0,0.0,0.0,0.0,0.0,Utilities,Private
Future Biogas,0,0.0,0.0,0.0,0.0,Waste & Energy,Private
Altalto Immingham Limited,0,0.0,0.0,0.0,0.0,Waste & Energy,Private
North London Waste Authority,0,0.0,0.0,0.0,0.0,Waste & Energy,Private
Spirit Energy,0,0.0,0.0,0.0,0.0,Utilities,Private
Veri Energy,0,0.0,0.0,0.0,0.0,Utilities,Private
Redcar Energy,0,0.0,0.0,0.0,0.0,Utilities,Private
Motor Oil,0,0.0,0.0,0.0,0.0,Oil & Gas,Private
Vicat,0,0.0,0.0,0.0,0.0,Cement,Listed
Encyclis,0,0.0,0.0,0.0,0.0,Other,Private
solar 21 Renewable Energy Limited,0,0.0,0.0,0.0,0.0,Utilities,Private
HELLENiQ ENERGY - Helpe,0,0.0,0.0,0.0,0.0,Oil & Gas,State
Buzzi Unicem Spa,0,0.0,0.0,0.0,0.0,Cement,Listed
Viridor,0,0.0,0.0,0.0,0.0,Waste & Energy,Private
Alfanar,0,0.0,0.0,0.0,0.0,Engineering & Technology,Private
Hydrocarbons Agency Croatia,0,0.0,0.0,0.0,0.0,Other,Private
Carbon Iceland,0,0.0,0.0,0.0,0.0,Other,Private
Returkraft,0,0.0,0.0,0.0,0.0,Utilities,Private
Energean,0,0.0,0.0,0.0,0.0,Other,Private
Titan Group,0,0.0,0.0,0.0,0.0,Other,Private
Eramet,0,0.0,0.0,0.0,0.0,Other,Private
Hartlepool Borough Council,0,0.0,0.0,0.0,0.0,Other,Private
BioCirc CO2 ApS,0,0.0,0.0,0.0,0.0,Research & Development,Private
VPI,0,0.0,0.0,0.0,0.0,Engineering & Technology,Private
European Energy,0,0.0,0.0,0.0,0.0,Utilities,Private
ARGO,0,0.0,0.0,0.0,0.0,Engineering & Technology,Private
EP UK Investments,0,0.0,0.0,0.0,0.0,Other,Private
Kredsløb,0,0.0,0.0,0.0,0.0,Other,Private
BIOFOS,0,0.0,0.0,0.0,0.0,Utilities,Municipal
AEB Amsterdam,0,0.0,0.0,0.0,0.0,Waste & Energy,Municipal
Hofor,0,0.0,0.0,0.0,0.0,Utilities,Municipal
OCAP,0,0.0,0.0,0.0,0.0,Other,Private
0,0,0.0,0.0,0.0,0.0,Other,Private
Boson Energy SA,0,0.0,0.0,0.0,0.0,Waste & Energy,Private
Växjö Energi,0,0.0,0.0,0.0,0.0,Utilities,Private
Prax,0,0.0,0.0,0.0,0.0,Other,Private
Kalipedos Nafta AB,0,0.0,0.0,0.0,0.0,Other,Private
Saint-gobain glass,0,0.0,0.0,0.0,0.0,Other,Private
Hynet consortium,0,0.0,0.0,0.0,0.0,Other,Private
Northern Gas Networks,0,0.0,0.0,0.0,0.0,Other,Private
Solar 21 Renewable Energy Limited,0,0.0,0.0,0.0,0.0,Utilities,Private
Norne Thorning Storage ApS,0,0.0,0.0,0.0,0.0,Other,Private
Ferroglobe,0,0.0,0.0,0.0,0.0,Other,Private
Enquest CCS Ltd,0,0.0,0.0,0.0,0.0,Other,Private
Aker BP   PGNiG Upstream Norway AS,0,0.0,0.0,0.0,0.0,Oil & Gas,State
Elkem,0,0.0,0.0,0.0,0.0,Other,Private
INA/MOL,0,0.0,0.0,0.0,0.0,Other,Private
